499,397,706,222,424,136,494,556,215,758,label,word
0.431657075881958,0.0648210272192955,0.3771559000015259,-0.6387705206871033,0.5340712666511536,0.35449671745300293,-0.4606008529663086,-0.3536958396434784,0.047513823956251144,0.011182878166437149,1,armadillo
0.2313060462474823,0.2426568567752838,-0.2882101535797119,-0.36982566118240356,0.5079365968704224,-0.08970164507627487,-0.3496212661266327,-0.44749629497528076,0.10939695686101913,-0.20969226956367493,1,aphid
0.30074650049209595,0.06972742080688477,-0.10160369426012039,-0.2984076142311096,0.307686984539032,-0.6877368688583374,0.2655026912689209,-0.21766409277915955,0.07067372649908066,0.08827856928110123,1,dobsonfly
0.0992106944322586,0.43237853050231934,0.04724770039319992,-0.23694896697998047,0.04695747047662735,0.5157501101493835,-0.3365534245967865,0.3752116560935974,0.12062773108482361,0.38663437962532043,1,dog
0.5824204683303833,-0.014772310853004456,0.06331231445074081,-0.7904546856880188,0.11755698919296265,0.17672039568424225,0.01905725710093975,-0.14878226816654205,0.37448838353157043,0.21675850450992584,1,meerkat
0.27387553453445435,-0.011709942482411861,-0.16230911016464233,-0.04936850070953369,0.17014667391777039,-0.04508396238088608,-0.1123645156621933,-0.3182072341442108,0.1391599476337433,0.19122791290283203,1,glass lizard
-0.054130494594573975,0.4711960256099701,-0.05340416729450226,0.08144397288560867,-0.1245773509144783,0.22301167249679565,-0.2266402393579483,0.2201981395483017,-0.08638522028923035,0.22530026733875275,1,panda
0.03969671577215195,0.35734912753105164,-0.2517778277397156,-0.058682940900325775,-0.12232466787099838,0.298322856426239,-0.5536008477210999,0.04940078407526016,0.10340943932533264,0.3341502845287323,1,crocodile
0.5068366527557373,0.3680410087108612,0.4861755073070526,0.0018015243113040924,0.18079231679439545,-0.06546879559755325,-0.16801103949546814,0.16002634167671204,0.5056095719337463,-0.02053321897983551,1,kiwi
0.07511785626411438,0.14802074432373047,-0.22116458415985107,-0.2567334473133087,0.07328087836503983,0.40481555461883545,-0.19620412588119507,0.1704864650964737,-0.1728348284959793,0.0329526886343956,1,tapir
0.17085129022598267,0.2616620659828186,-0.2640277147293091,-0.2399349808692932,0.20155435800552368,0.39151525497436523,-0.1614932417869568,0.3896055519580841,-0.029933135956525803,0.4781849980354309,1,cat
-0.11955748498439789,0.2889116406440735,0.11541498452425003,0.014718931168317795,0.08931074291467667,-0.16984499990940094,-0.39176517724990845,0.3551032245159149,-0.19027957320213318,0.6077930331230164,1,canary
0.15558776259422302,-0.07171237468719482,-0.07255330681800842,-0.7584279775619507,0.2565534710884094,0.04858023673295975,-0.20227763056755066,0.17589762806892395,0.0870109274983406,0.24891521036624908,1,sun bear
0.21268926560878754,-0.17266784608364105,0.11004176735877991,-0.45122215151786804,0.6507306694984436,-0.34321722388267517,0.30348101258277893,-0.3569342792034149,-0.0039811753667891026,-0.12733668088912964,1,albatross
0.5709426403045654,-0.2184911072254181,-0.14523330330848694,-0.46573057770729065,0.05467292666435242,-0.08164040744304657,0.10791335254907608,-0.11728659272193909,0.14214731752872467,0.41257408261299133,1,puffin
0.4383637011051178,-0.012329928576946259,-0.05097988620400429,-0.8572196960449219,0.7924867272377014,-0.1708359271287918,0.01806376315653324,-0.20197995007038116,0.1739087700843811,-0.41925048828125,1,cheetah
-0.1197994202375412,0.24637097120285034,-0.07174774259328842,0.2962144613265991,0.1409502476453781,0.25784242153167725,-0.3479897975921631,0.21205565333366394,-0.14612846076488495,0.3914909362792969,1,penguin
0.02120688371360302,0.23361071944236755,-0.0846647247672081,-0.2104930579662323,-0.12270241230726242,0.3656012713909149,-0.36314716935157776,0.19606998562812805,-0.02000262960791588,0.32655322551727295,1,dolphin
0.5451915264129639,0.0739603042602539,0.06198114529252052,-0.7260704040527344,0.4038911759853363,-0.23426567018032074,0.05834341049194336,-0.002789407968521118,0.36237633228302,0.2750464081764221,1,aardwolf
-0.13002115488052368,0.32261088490486145,-0.033731162548065186,-0.13925322890281677,-0.12189604341983795,0.010314084589481354,-0.13864614069461823,-0.02352152019739151,-0.11729875206947327,0.24066638946533203,1,shrimp
0.0955926924943924,0.585693359375,-0.09548880159854889,-0.09924151003360748,0.18868495523929596,0.3171972632408142,-0.1788402497768402,0.3941424489021301,0.040338870137929916,0.46857950091362,1,mouse
0.40355196595191956,-0.07485203444957733,-0.3560934364795685,-0.2173515409231186,0.8342968821525574,-0.310565710067749,0.2326093465089798,-0.2173825055360794,0.06707029789686203,0.08060554414987564,1,anteater
0.0805463194847107,0.1650802046060562,-0.08547024428844452,-0.214412122964859,0.18163573741912842,0.0813266783952713,-0.25826963782310486,-0.45684951543807983,0.03941470384597778,-0.00038894079625606537,1,horned lizard
0.18016357719898224,0.01623772457242012,-0.17071318626403809,-0.43097198009490967,0.06686095893383026,-0.08851184695959091,0.4334946870803833,-0.44854849576950073,-0.018957726657390594,0.36019784212112427,1,earthworm
-0.1962827891111374,0.3322913944721222,-0.0688394233584404,-0.24519994854927063,4.7907233238220215e-06,0.36599403619766235,-0.2144668996334076,0.39972618222236633,-0.10161325335502625,0.5471283793449402,1,mule
0.442091703414917,0.002835318446159363,-0.16224515438079834,-0.10641562938690186,0.0859336256980896,-0.19869285821914673,-0.22749929130077362,0.09017705917358398,0.26290062069892883,-0.3009948432445526,1,xenops
0.5849352478981018,0.0174337700009346,-0.37583374977111816,-0.36564141511917114,0.7540808320045471,-0.023308642208576202,0.015238285064697266,-0.0665307492017746,0.1506042629480362,-0.5876588821411133,1,hippopotamus
0.28742653131484985,0.3381885588169098,-0.10274136066436768,-0.13745686411857605,-0.1327076554298401,-0.03987496346235275,0.30013957619667053,-0.2352360337972641,0.11223558336496353,0.22689758241176605,1,butterfly fish
0.42099127173423767,-0.16746704280376434,0.012411065399646759,-0.5573683381080627,0.14906896650791168,-0.38804683089256287,0.06125982105731964,0.20784592628479004,0.37189820408821106,0.0761721283197403,1,jaguarundi
0.38943251967430115,-0.04617568850517273,0.01582437753677368,-0.22912727296352386,0.36536645889282227,0.002215062500908971,0.04957951605319977,-0.4964371621608734,0.17249836027622223,0.1929958611726761,1,millipede
0.3316170871257782,-0.11659529060125351,-0.22968345880508423,-0.7554445266723633,0.4594508707523346,-0.036538854241371155,-0.08038502186536789,-0.20978474617004395,0.14559243619441986,0.26489558815956116,1,porcupine
0.5043409466743469,-0.09296825528144836,-0.14491020143032074,-0.26210910081863403,0.07067305594682693,-0.2626628577709198,0.017533883452415466,-0.07847445458173752,0.21252888441085815,0.08717048913240433,1,jumping spider
0.31986284255981445,-0.2944539785385132,-0.4231981039047241,-0.3201564848423004,0.2896534502506256,-0.2472132444381714,-0.09447628259658813,-0.25314366817474365,0.24488914012908936,-0.4298672676086426,1,hyrax
0.8351410031318665,-0.14983531832695007,0.12814220786094666,-0.44332048296928406,0.15315842628479004,-0.8643988370895386,-0.5482779741287231,-0.40932685136795044,1.0188186168670654,-0.30034077167510986,1,kookaburra
-0.12470763921737671,0.4849005341529846,-0.273619145154953,-0.3511489927768707,-0.2877534031867981,0.15861906111240387,-0.0077119553461670876,0.14838343858718872,0.07827475666999817,0.2965233623981476,1,eagle
-0.37090936303138733,0.31849488615989685,0.08321674913167953,-0.42703279852867126,0.18683765828609467,0.35245639085769653,-0.297346293926239,0.4610418975353241,-0.02996666543185711,0.22328157722949982,1,bison
-0.2538568377494812,0.2739757001399994,-0.06341593712568283,-0.34133243560791016,-0.11259611696004868,0.11954383552074432,-0.4284973740577698,0.09534987807273865,-0.005207575857639313,0.4852965474128723,1,coyote
0.44034188985824585,-0.1464325487613678,-0.1889214813709259,-0.8754137754440308,0.37162643671035767,-0.06525024026632309,0.13327571749687195,0.14583458006381989,0.08699087798595428,0.08333484828472137,1,jackal
0.47050485014915466,-0.12930260598659515,0.10221243649721146,-0.4008455276489258,0.6898133754730225,-0.21798349916934967,0.522330641746521,-0.25309187173843384,0.0745755210518837,0.27656427025794983,1,hoverfly
0.36052781343460083,0.20036906003952026,-0.045605216175317764,-0.5311049222946167,0.506594717502594,-0.5244507789611816,0.12667234241962433,0.08269773423671722,0.3565152883529663,0.06463548541069031,1,honeybee
0.3129239082336426,-0.20543739199638367,-0.1949688196182251,-0.9659343957901001,0.337258517742157,0.40108680725097656,-0.34669625759124756,-0.012543603777885437,0.08572875708341599,0.29057762026786804,1,zebu
0.07508578896522522,0.1675110161304474,-0.023334847763180733,0.1093374714255333,-0.02810104750096798,-0.05324753746390343,-0.8621656894683838,0.1721505969762802,0.22012512385845184,0.23406162858009338,1,kangaroo
0.028802044689655304,0.16345858573913574,-0.09629169851541519,-0.008145160973072052,-0.014189235866069794,0.3439275324344635,-0.20924682915210724,0.23358513414859772,-0.024822939187288284,0.19848094880580902,1,zebra
0.4903091490268707,-0.18861918151378632,0.19845068454742432,-0.2829945385456085,1.0612142086029053,-0.4753097593784332,0.13569550216197968,-0.5119298100471497,-0.10361582040786743,0.08544857054948807,1,caterpillar
0.09547704458236694,0.14581775665283203,-0.06560372561216354,-0.05917241796851158,-0.1265198439359665,0.13100159168243408,-0.14008936285972595,0.1871708184480667,-0.06897096335887909,0.12358079850673676,1,vinegaroon
0.45138540863990784,0.24245402216911316,-0.1436842679977417,-0.26389676332473755,0.37239450216293335,-0.32450175285339355,0.2212447077035904,-0.25132399797439575,0.10114844888448715,0.2822146713733673,1,peacock butterfly
-0.07828530669212341,0.10600646585226059,-0.18978436291217804,-0.26649317145347595,0.03346368670463562,0.4638698697090149,-0.3997533619403839,0.2627163529396057,-0.11081923544406891,0.6035746335983276,1,camel
0.5992331504821777,-0.003938218113034964,-0.15521420538425446,-0.5455453991889954,0.5594678521156311,-0.04078582301735878,0.21838778257369995,0.1261645406484604,0.1448441594839096,0.1713348776102066,1,junebug
0.3341875672340393,-0.15531107783317566,-0.21133461594581604,0.048705555498600006,0.559382975101471,-0.16965073347091675,-0.27221763134002686,-0.5213479399681091,0.2759178578853607,-0.44736218452453613,1,zorapteran
0.16271467506885529,0.17638343572616577,0.07230523228645325,-0.1611984819173813,-0.09049750119447708,-0.09100687503814697,-0.2516634464263916,0.09933312237262726,-0.13683149218559265,-0.25592246651649475,1,yak
0.2700624465942383,-0.046780917793512344,-0.46402010321617126,-0.5460910797119141,0.24890649318695068,-0.08625644445419312,-0.13621793687343597,-0.1464143693447113,0.10194917023181915,-0.05715379863977432,1,sloth
0.08275570720434189,-0.006634558085352182,0.11049193143844604,-0.4200330078601837,-0.06446565687656403,-0.051339805126190186,0.03614623472094536,0.3043345808982849,-0.22177614271640778,-0.16166970133781433,1,toucan
-0.1412537842988968,0.04118770360946655,-0.1280461847782135,-0.18752557039260864,0.008720040321350098,0.07465899735689163,-0.39233899116516113,-0.008299946784973145,0.08715685456991196,-0.027537986636161804,1,markhor
0.2802867889404297,-0.11622828245162964,0.22884614765644073,-0.4857223927974701,0.3519871234893799,-0.17338353395462036,0.05891641974449158,-0.0933481976389885,0.03647483512759209,0.28372061252593994,1,fiddler crab
0.015251983888447285,0.07106634229421616,-0.02700812928378582,-0.5746550559997559,0.06315300613641739,0.23697298765182495,-0.17486023902893066,-0.1136833131313324,0.21202977001667023,0.2094430923461914,1,rose chafer
-0.1334134042263031,0.26225683093070984,-0.05065707117319107,-0.12313216924667358,0.078191839158535,0.202501118183136,-0.5540711879730225,0.16475698351860046,-0.07295463234186172,0.1429322063922882,1,alligator
0.2952238619327545,-0.22372207045555115,-0.10577152669429779,-0.13628610968589783,0.3206336498260498,-0.4336738586425781,-0.20618391036987305,-0.32945531606674194,0.14447546005249023,-0.0716620460152626,1,urodid moth
0.7492666840553284,-0.1633118987083435,-0.041064679622650146,-0.9003055095672607,0.5373257398605347,-0.35792791843414307,0.012485031969845295,-0.44889798760414124,0.13201770186424255,0.08903130888938904,1,cockroach
0.4220716953277588,0.2831750214099884,0.3271922171115875,-0.5842579007148743,0.471095472574234,0.16580376029014587,-0.06101177632808685,0.3946540951728821,0.44828835129737854,0.12013569474220276,1,komodo dragon
0.28043481707572937,-0.1066707968711853,0.0526718907058239,-0.4729219973087311,0.4003732204437256,-0.15484167635440826,0.09062876552343369,-0.6240658164024353,0.3083793818950653,0.22459740936756134,1,salamander
0.35157907009124756,-0.06172983720898628,0.28500616550445557,-0.2331300973892212,0.47462567687034607,-0.4167766869068146,0.030010739341378212,-0.31984663009643555,0.21641100943088531,0.31175950169563293,1,underwing moth
0.25643807649612427,-0.09953797608613968,-0.19015254080295563,-0.5630484819412231,0.31614574790000916,-0.4061049520969391,0.07405225932598114,-0.4611883759498596,0.037007980048656464,-0.20892338454723358,1,tarantula hawk wasp
0.07446036487817764,-0.02097596786916256,0.12580959498882294,-0.3595808446407318,0.3758474290370941,0.09143441170454025,-0.06137257441878319,-0.5239384770393372,0.11177759617567062,-0.04949216917157173,1,chinchilla
-0.007627296261489391,-0.02480567805469036,-0.001444319263100624,-0.33226853609085083,0.051128409802913666,-0.12647001445293427,0.1368103325366974,-0.1453953981399536,0.015956174582242966,0.26498842239379883,1,inchworm
0.658245861530304,-0.1495298445224762,-0.14686375856399536,-0.4404705762863159,0.2467125952243805,-0.19964778423309326,0.29193732142448425,-0.24780231714248657,0.03831162303686142,-0.1819736510515213,1,orangutan
0.5336158871650696,0.2973930835723877,-0.1515330821275711,-0.3356056809425354,0.09773103892803192,-0.31552791595458984,0.06874287873506546,0.15047290921211243,0.22208496928215027,0.08405981957912445,1,spider monkey
0.30827173590660095,0.022468039765954018,-0.07745617628097534,-0.3494289219379425,0.37353792786598206,-0.23757684230804443,-0.1065266951918602,-0.20788626372814178,0.12984950840473175,-0.39504075050354004,1,echidna
0.21435800194740295,0.3719373345375061,-0.37574976682662964,-0.5011675357818604,0.014909081161022186,-0.12769103050231934,-0.09907940030097961,-0.018250703811645508,0.11634992063045502,0.5345065593719482,1,owl
0.20696954429149628,-0.30906787514686584,-0.49365589022636414,-0.7209942936897278,0.6071363091468811,0.035505976527929306,0.017986388877034187,-0.5206367373466492,-0.1897842288017273,-0.06892410665750504,1,violet ground beetle
0.06226025149226189,-0.15297693014144897,-0.01286265254020691,-0.40681642293930054,-0.11301609873771667,-0.09004293382167816,0.09161534905433655,0.1576521098613739,-0.20188510417938232,-0.06433235853910446,1,fennec fox
0.5200279355049133,-0.036387354135513306,-0.41350632905960083,-0.6555129289627075,0.2788037657737732,0.33962440490722656,-0.06958238035440445,-0.1009085476398468,0.04660216346383095,-0.022369839251041412,1,flamingo
0.11052141338586807,-0.09797552227973938,0.0266472976654768,-0.055843889713287354,0.11219701170921326,-0.1710844784975052,-0.052086666226387024,0.19707940518856049,-0.1314348429441452,-0.30014604330062866,1,quahog
0.15503636002540588,-0.2409478724002838,-0.18886429071426392,-0.6709411144256592,0.3839927315711975,0.1041383370757103,-0.24229194223880768,0.06466090679168701,0.19981282949447632,-0.0614890456199646,1,gazelle
0.697796106338501,0.1869165003299713,-0.01380043476819992,-0.807540774345398,0.184170201420784,0.013832811266183853,-0.5122056603431702,0.19581812620162964,0.05299125984311104,0.42778897285461426,1,polar bear
0.1597566157579422,0.18399600684642792,-0.10682215541601181,-0.33329254388809204,0.19182272255420685,-0.18695831298828125,-0.19709095358848572,0.1079312413930893,-0.09092705696821213,-0.09700459986925125,1,quoll
-0.1361221820116043,0.4101933240890503,-0.12730173766613007,-0.3447045683860779,-0.13577529788017273,0.22022777795791626,-0.3349815905094147,0.3126561641693115,0.09540319442749023,0.329155832529068,1,hawk
0.5106825828552246,0.09425300359725952,-0.3350151777267456,-0.6876485347747803,0.2810027003288269,-0.18823863565921783,0.40452930331230164,-0.1262151449918747,0.11077467352151871,-0.07329865545034409,1,firefly
0.5792337656021118,0.1480131447315216,0.16444365680217743,-0.2823522388935089,-0.009317541494965553,-0.09078105539083481,-0.7172163724899292,-0.1925843209028244,0.19906318187713623,0.08787916600704193,1,x-ray tetra
0.11252135038375854,0.47895294427871704,-0.1381390541791916,-0.08870134502649307,-0.029508929699659348,0.49981898069381714,-0.37174955010414124,0.29637810587882996,0.2433633953332901,0.22535842657089233,1,gorilla
0.22426041960716248,-0.3909565806388855,-0.048482801765203476,-0.6059384346008301,-0.12661050260066986,-0.12255601584911346,-0.12471889704465866,-0.43713802099227905,0.17645329236984253,0.4652116596698761,1,upland sandpiper
0.314778208732605,0.03441741317510605,0.08474300801753998,-0.35340702533721924,0.5066713094711304,-0.140864297747612,-0.05575574189424515,-0.050970956683158875,0.28031325340270996,0.21958135068416595,1,gibbon
-0.20173832774162292,0.2934199273586273,0.06569341570138931,0.17828840017318726,0.04416549205780029,0.023294731974601746,-0.45172813534736633,0.005931757390499115,-0.1257556825876236,0.26312506198883057,1,newt
-0.12333497405052185,0.20227286219596863,0.061640046536922455,0.0818246528506279,0.03856057673692703,0.007627386599779129,-0.2677006125450134,0.22234709560871124,0.09391658008098602,0.24311690032482147,1,peacock
-0.027205195277929306,0.3109246492385864,0.08530271053314209,0.14362311363220215,-0.06921222805976868,0.10563226044178009,0.09711557626724243,0.02964462898671627,0.04152597859501839,0.5284873247146606,1,finch
0.6836798787117004,0.1863355189561844,0.2071947157382965,-0.223921000957489,0.3246179223060608,-0.20720842480659485,-0.10837459564208984,-0.10740165412425995,0.5869632363319397,0.3116146922111511,1,aardvark
0.43221625685691833,-0.24975629150867462,-0.2550027370452881,-0.5095341205596924,0.4585065245628357,-0.408829927444458,0.032739169895648956,-0.37160611152648926,0.2508065402507782,-0.07689030468463898,1,javan rhinoceros
0.4404294490814209,0.12423781305551529,-0.21104468405246735,-0.47934165596961975,0.4148944318294525,-0.06224369630217552,-0.012077500112354755,-0.221207395195961,-0.03238001465797424,0.4979836940765381,1,painted lady butterfly
-0.04318828880786896,0.11903899908065796,-0.08850566297769547,-0.3876217007637024,-0.1016433984041214,-0.24592995643615723,-0.057090602815151215,-0.24354508519172668,0.07201999425888062,0.15664738416671753,1,viperfish
-0.052398040890693665,0.24232545495033264,0.060372188687324524,0.31330373883247375,0.19874317944049835,0.4610358476638794,-0.2013891190290451,0.055627599358558655,-0.04528648778796196,0.3288145065307617,1,pony
0.44440045952796936,-0.0006355072255246341,-0.15232838690280914,-0.5786123275756836,0.5877596735954285,-0.5211547613143921,0.11869148164987564,-0.20486445724964142,0.2100124955177307,0.08397430181503296,1,elephant shrew
0.47170448303222656,-0.08785554766654968,-0.04514031484723091,-0.6285948753356934,0.4108903408050537,-0.252972811460495,0.35861626267433167,-0.11642149090766907,0.010204330086708069,-0.0824865773320198,1,yellowjacket
0.0067405980080366135,0.14011231064796448,-0.14328575134277344,-0.21911463141441345,-0.25823062658309937,0.18813440203666687,0.04233177751302719,0.3781783878803253,0.056102994829416275,0.3675858676433563,1,sheep
0.1215256005525589,0.11266325414180756,-0.34570568799972534,-0.6574474573135376,0.43747198581695557,-0.08900706470012665,0.017912058159708977,-0.1105542778968811,0.05966220796108246,-0.019655944779515266,1,elephant beetle
-0.11310531198978424,0.23313263058662415,0.07987238466739655,-0.20831924676895142,-0.25182870030403137,0.33309078216552734,-0.5696395635604858,0.3323642313480377,-0.024938248097896576,0.4244251549243927,1,shark
0.0129912830889225,0.4422178864479065,-0.13857069611549377,-0.21777045726776123,-0.07103448361158371,0.2395104467868805,-0.21328571438789368,0.17793160676956177,0.11706854403018951,0.22715358436107635,1,rabbit
0.49763181805610657,0.10782966762781143,-0.22572638094425201,-0.5508737564086914,0.7888875603675842,0.20561747252941132,-0.012522906064987183,-0.07845812290906906,0.25989747047424316,0.0952802523970604,1,chameleon
0.4396786391735077,0.31303784251213074,0.22491513192653656,-0.08068089187145233,0.02483374997973442,-0.1256403923034668,-0.12456454336643219,0.15457525849342346,0.28983867168426514,-0.28173208236694336,1,uakari
0.29471707344055176,-0.3644063472747803,-0.2325739711523056,-0.6009671092033386,0.1754024475812912,0.09667462110519409,-0.1135132685303688,0.05011768639087677,0.2376020848751068,-0.006704588420689106,1,ferret
0.24549557268619537,0.05609260872006416,-0.31230002641677856,-0.4740014672279358,0.7313887476921082,-0.25079044699668884,0.028005847707390785,-0.42467182874679565,-0.02298807166516781,-0.06829167902469635,1,weevil
0.5765516757965088,0.06757721304893494,-0.38943374156951904,-0.6976972222328186,0.6728766560554504,-0.3562350273132324,0.2859678268432617,-0.3537932336330414,0.09859466552734375,0.08407186716794968,1,damselfly
0.4922849237918854,0.07559419423341751,0.11291995644569397,-0.9558432102203369,0.007018233183771372,-0.11221439391374588,-0.3018094301223755,-0.15806147456169128,0.4589144289493561,-0.5624671578407288,1,alpaca
0.6518101692199707,0.008918692357838154,-0.20384688675403595,-0.4881404936313629,0.3647575080394745,-0.06839782744646072,-0.04374699667096138,-0.48197534680366516,0.12072791904211044,0.3648693561553955,1,orchid mantis
-0.26961687207221985,0.14851096272468567,0.021042171865701675,-0.1572819948196411,-0.0024971961975097656,0.11358636617660522,-0.26909834146499634,0.2005760669708252,-0.012523628771305084,0.31693950295448303,1,vulture
-0.2699121832847595,0.24993735551834106,-0.0498557910323143,-0.23710674047470093,0.0065441615879535675,0.2725691795349121,-0.16255110502243042,0.2740107774734497,0.02132429927587509,0.16911526024341583,1,reindeer
0.38652724027633667,0.0999073013663292,0.0430859699845314,-0.31901824474334717,0.4355631470680237,0.06656605005264282,0.20199169218540192,0.3521965742111206,0.06919169425964355,-0.05881420150399208,1,tsetse fly
0.10340938717126846,0.4433920383453369,0.17764297127723694,-0.03510170802474022,-0.10995928943157196,-0.03930351138114929,-0.029326461255550385,0.2420799434185028,0.04008699208498001,0.6065579056739807,1,serval
0.6287354826927185,-0.15122362971305847,0.12363334000110626,-0.5692101120948792,0.5449432730674744,-0.19105660915374756,-0.2896915078163147,0.10894932597875595,0.09908349066972733,0.009523257613182068,1,wombat
0.31944501399993896,-0.19427543878555298,0.006362014450132847,-0.10915397107601166,0.06271439790725708,0.23171654343605042,-0.32548195123672485,0.40192562341690063,-0.16417796909809113,0.20246025919914246,1,numbat
0.18733495473861694,-0.049209728837013245,-0.0423802025616169,-0.5311226844787598,0.03264094889163971,-0.18021993339061737,0.07143149524927139,-0.2480657547712326,-0.0549798347055912,0.1333138793706894,1,kelp crab
0.12735310196876526,0.012777451425790787,0.008087835274636745,-0.19066102802753448,-0.127693772315979,-0.01704402267932892,-0.39324694871902466,-0.4378172755241394,-0.04498063772916794,0.44776636362075806,1,coral snake
0.00861218199133873,0.17485377192497253,0.20441247522830963,-0.23639822006225586,0.4066743850708008,0.3071916103363037,-0.5442633628845215,0.18727028369903564,-0.010186385363340378,0.17435705661773682,1,wolverine
-0.21160271763801575,0.34567728638648987,-0.13738469779491425,-0.38887861371040344,-0.013678904622793198,0.22561651468276978,-0.37971800565719604,0.6051954030990601,-0.06156052276492119,0.44881439208984375,1,bear
0.10107158869504929,-0.31413838267326355,-0.25445929169654846,-0.8504977822303772,-0.03689141571521759,0.0766555517911911,0.09891152381896973,0.023844212293624878,0.27256760001182556,0.0361221581697464,1,gerbil
0.5678953528404236,0.19407540559768677,-0.27489781379699707,-0.25031110644340515,0.22886832058429718,-0.1808333545923233,0.2780044674873352,-0.30099189281463623,0.2388274073600769,0.33804619312286377,1,zebra butterfly
0.3321150243282318,0.10615361481904984,-0.1236393004655838,0.0572768896818161,0.29953858256340027,0.008645191788673401,0.03794792294502258,0.18824037909507751,0.26619499921798706,0.2083204686641693,1,hoopoe
0.16429069638252258,0.10601986944675446,0.00014732033014297485,-0.017875567078590393,0.446463942527771,-0.31889867782592773,0.05732958763837814,-0.09503092616796494,0.23396742343902588,0.27047109603881836,1,antlion
0.008547620847821236,-0.4901205897331238,0.012868659570813179,-0.3658809959888458,0.7277315258979797,-0.5171259641647339,0.3454310894012451,-0.18431366980075836,0.32512298226356506,-0.39416199922561646,1,rattlesnake
0.3255279064178467,-0.21396921575069427,-0.21988855302333832,-0.7190716862678528,0.5412401556968689,-0.16246072947978973,-0.014910419471561909,-0.04265133664011955,0.11237405985593796,0.00783682893961668,1,sloth bear
0.1740662008523941,0.535313069820404,-0.09539787471294403,-0.022720184177160263,0.012001492083072662,0.2395201027393341,-0.25946760177612305,0.2188531756401062,0.0021017082035541534,0.2895542085170746,1,parrot
0.26774436235427856,-0.28983333706855774,-0.04113100469112396,-0.14350959658622742,0.5133833885192871,-0.63153475522995,-0.003797963261604309,-0.6845970153808594,0.058982960879802704,-0.21405629813671112,1,nudibranch
-0.1131090372800827,0.36517712473869324,-0.13820838928222656,-0.27767643332481384,-0.09234649688005447,0.34667158126831055,-0.42074069380760193,0.26765176653862,0.18623362481594086,0.2755588889122009,1,goat
0.30842462182044983,-0.414325475692749,-0.13263098895549774,-0.309988409280777,0.4364202916622162,-0.23499101400375366,0.07310967892408371,-0.08818040043115616,0.15404872596263885,-0.08695580810308456,1,katydid
0.03524475544691086,0.7324280142784119,-0.007849467918276787,-0.10447119176387787,-0.08564072847366333,0.1455249786376953,-0.27218180894851685,0.2226220816373825,-0.2669944763183594,0.3973405659198761,1,pig
-0.09669066220521927,0.13188959658145905,-0.4187656044960022,-0.5375394225120544,0.4529362916946411,-0.03976936638355255,-0.03989286720752716,-0.11376573890447617,-0.026579787954688072,0.10088392347097397,1,jewel beetle
-0.0681186318397522,0.21396437287330627,-0.09527091681957245,-0.4864002466201782,-0.14736413955688477,0.38632723689079285,-0.5972467064857483,0.12316427379846573,0.09327928721904755,0.019089387729763985,1,tiger
0.5129427313804626,0.06527149677276611,0.012458540499210358,-0.33451011776924133,0.21193286776542664,0.06280738115310669,-0.1852654665708542,0.3686501979827881,0.02008880116045475,0.09057322889566422,1,llama
0.265931636095047,-0.42331719398498535,-0.14953570067882538,-0.6106957197189331,0.7183257341384888,-0.2680920362472534,0.17124101519584656,-0.3512451648712158,0.0296882726252079,-0.06703836470842361,1,boll weevil
0.5443424582481384,-0.3806491792201996,0.1985265016555786,-0.4460541307926178,0.3435634672641754,-0.5525920987129211,0.3047926723957062,0.018878242000937462,0.21918101608753204,-0.01395407598465681,1,bandicoot
0.2991868853569031,-0.1168709397315979,-0.284260094165802,-0.4667324423789978,0.6275550723075867,-0.19042779505252838,0.17212000489234924,-0.22218096256256104,0.04275543615221977,-0.42093855142593384,1,goliath beetle
0.4232780337333679,-0.16749350726604462,-0.06733056902885437,-0.4743726849555969,0.30952534079551697,-0.023645207285881042,0.11832419782876968,-0.007833831012248993,0.0764184445142746,0.1350676715373993,1,vampire bat
-0.10899819433689117,0.34662240743637085,-0.21668298542499542,-0.5000889301300049,-0.16342487931251526,0.2132936418056488,-0.18549640476703644,0.33373960852622986,0.133860781788826,0.2528230845928192,1,deer
0.7063074111938477,0.17018292844295502,-0.16693684458732605,-0.5254435539245605,0.23003536462783813,0.5533660650253296,-0.5238377451896667,0.28369811177253723,0.07663114368915558,0.34602493047714233,1,bongo
0.4571615159511566,-0.06126250699162483,-0.13875745236873627,-0.7612063884735107,-0.0773480236530304,0.1607426553964615,0.09475047141313553,-0.29908958077430725,0.09689345955848694,0.4335223436355591,1,water strider
0.3681942820549011,-0.04097168892621994,0.1486162692308426,-0.4006347358226776,0.29518017172813416,-0.03191391006112099,0.15116746723651886,0.042893439531326294,0.23430341482162476,0.18825267255306244,1,dingo
0.2934924364089966,0.16082386672496796,-0.25677990913391113,-0.6217960119247437,0.16081374883651733,-0.1516226977109909,-0.027585260570049286,-0.2248559296131134,-0.037295863032341,0.13357357680797577,1,stink bug
0.08556141704320908,0.05403473228216171,0.0065127164125442505,-0.4779118299484253,0.09634686261415482,-0.062245532870292664,0.005900189280509949,-0.15738211572170258,0.04796095937490463,0.06409412622451782,1,jellyfish
0.21344593167304993,-0.08304118365049362,0.0813562273979187,-0.11746421456336975,0.09436522424221039,-0.19284693896770477,-0.2558668553829193,-0.08560626208782196,0.10355968773365021,-0.038860633969306946,1,caracal
0.009108783677220345,-0.1348917931318283,-0.08755622804164886,0.12732566893100739,-0.03875836730003357,0.1398393213748932,-0.4808443784713745,0.28970062732696533,-0.24843445420265198,0.14517910778522491,1,stoat
-0.09247516095638275,0.4252249300479889,-0.10818115621805191,0.02573367953300476,-0.2626956105232239,0.0505412220954895,-0.12429982423782349,-0.041522711515426636,-0.008327579125761986,0.38663598895072937,1,toad
0.3276832699775696,0.345161497592926,-0.14284773170948029,-0.5185767412185669,0.480960488319397,-0.046535708010196686,0.04924096167087555,-0.2142576277256012,0.15389880537986755,0.2613286077976227,1,hedgehog
-0.39292657375335693,0.21963807940483093,0.0728888139128685,-0.2584051787853241,-0.09781023859977722,0.227291077375412,-0.5370312333106995,0.31118860840797424,0.050930459052324295,0.6321755051612854,1,seal
0.8761405944824219,-0.356419175863266,0.5082635283470154,-0.3959883153438568,0.23989786207675934,-0.1306500881910324,-0.501133143901825,-0.2634284198284149,0.7448319792747498,-0.18428385257720947,1,tuatara
0.31412050127983093,0.071782186627388,-0.016905494034290314,-0.22008803486824036,0.11920351535081863,-0.22470243275165558,-0.3716997504234314,-0.3454509973526001,0.17810983955860138,0.11587142199277878,1,luna moth
-0.027692168951034546,0.21264919638633728,-0.06862218677997589,-0.17127451300621033,0.007719498127698898,0.41283848881721497,-0.33264562487602234,0.02353653497993946,0.00014923885464668274,0.06891719996929169,1,panther
0.7228506207466125,-0.2667110860347748,0.24656029045581818,-0.11946085840463638,0.26232442259788513,-0.16073940694332123,0.002646004082635045,-0.12245545536279678,0.4524841606616974,0.007834072224795818,1,finchkoala
0.42263081669807434,-0.21186746656894684,0.07073047012090683,-0.38092556595802307,0.03657737746834755,-0.22347290813922882,-0.01673560030758381,0.23846273124217987,-0.26748430728912354,-0.12767435610294342,1,tamarin
0.8133577108383179,-0.061865948140621185,-0.14145760238170624,-0.43327319622039795,0.6399139165878296,0.03274913132190704,0.47244587540626526,0.27722886204719543,0.1496650129556656,-0.28865522146224976,1,chimpanzee
0.44809311628341675,-0.20853285491466522,0.01023424044251442,-0.5017269849777222,0.33613431453704834,-0.03732527047395706,-0.241960346698761,-0.12133827060461044,0.5850398540496826,0.21017733216285706,1,koala
-0.3166101574897766,0.22499200701713562,0.061100706458091736,0.09111277014017105,-0.11643484234809875,0.19910462200641632,-0.4448620676994324,0.23746493458747864,-0.03550233319401741,0.25742584466934204,1,weasel
-0.10815359652042389,0.46768850088119507,-0.10995445400476456,-0.03877300024032593,-0.2618446350097656,0.032960839569568634,-0.3769027292728424,-0.14502999186515808,0.05731729045510292,0.2818894386291504,1,snake
-0.11454635858535767,0.5643528699874878,-0.0843338668346405,-0.2478771209716797,-0.11247582733631134,-0.027961302548646927,-0.16643789410591125,0.40865418314933777,0.06502117216587067,0.04819247126579285,1,fox
0.40874549746513367,-0.33779075741767883,-0.12164193391799927,-0.4753529131412506,0.09222772717475891,-0.009981120936572552,-0.2702294886112213,-0.18652313947677612,0.27130797505378723,-0.069214828312397,1,urutu
0.44028717279434204,-0.32015731930732727,0.12303836643695831,-0.4546603560447693,0.7195878624916077,-0.4386349618434906,0.059178899973630905,-0.5083603262901306,-0.046270258724689484,0.04172901064157486,1,saddleback caterpillar
0.13585813343524933,-0.24041154980659485,-0.2895060181617737,-0.4877047538757324,0.1434200257062912,0.041813112795352936,0.08012156933546066,-0.19753220677375793,-0.0934588611125946,-0.15212933719158173,1,ferretelephant
-0.07154423743486404,-0.1338600516319275,-0.16349883377552032,-0.19639413058757782,0.34669461846351624,0.025064742192626,-0.2595670223236084,0.3349943459033966,-0.1862071305513382,0.03543379530310631,1,gerenuk
0.2870784401893616,0.3855595588684082,-0.07469414919614792,-0.2540052831172943,0.2176010012626648,-0.007042613811790943,0.16844458878040314,0.056014955043792725,-0.12207937985658646,-0.27695432305336,1,quokka
0.7216961979866028,-0.041792530566453934,-0.1821458339691162,-0.572154700756073,0.6897292137145996,-0.14864082634449005,0.09339215606451035,0.06166793778538704,0.12881137430667877,0.15284161269664764,1,ladybug
0.13536928594112396,0.40784183144569397,-0.15146881341934204,-0.11752931028604507,0.06924190372228622,0.23909932374954224,-0.24792999029159546,0.20264793932437897,0.013880342245101929,0.36434683203697205,1,donkey
0.22553794085979462,-0.08323463797569275,0.02996315062046051,-0.5259153842926025,0.015107974410057068,0.10610392689704895,-0.21851179003715515,0.13875019550323486,0.09911811351776123,-0.052228882908821106,1,dhole
0.4085194766521454,0.12861044704914093,-0.21429365873336792,0.060757361352443695,0.36695748567581177,-0.20714394748210907,-0.28630924224853516,-0.0933280810713768,0.09868671745061874,-0.21979379653930664,1,ostracod
0.5483160018920898,-0.6065911650657654,-0.3762955665588379,-0.13978023827075958,0.4209150969982147,-0.33035141229629517,0.007593989372253418,0.05945434421300888,0.34570133686065674,-0.44202277064323425,1,platypus
0.5828076601028442,0.14621052145957947,-0.25097420811653137,-0.6156871318817139,0.31612393260002136,0.008331537246704102,0.01395513117313385,-0.14556929469108582,-0.12148571014404297,0.1563190519809723,1,red panda
0.4583054780960083,0.538960874080658,0.019864946603775024,-0.37188175320625305,0.22192353010177612,0.09203048795461655,0.04715146869421005,-0.2509668469429016,-0.09535397589206696,0.16630376875400543,1,grasshopper
0.27991801500320435,0.1112804263830185,0.07426643371582031,-0.48954248428344727,0.2373213917016983,0.21571464836597443,-0.07479406893253326,0.19426991045475006,0.131656214594841,0.5485969185829163,1,hamster
-0.18726059794425964,-0.08389127999544144,-0.02446267008781433,-0.46567031741142273,0.2986578047275543,-0.20261597633361816,-0.4366031885147095,-0.15661664307117462,-0.026713421568274498,0.35757559537887573,1,tarsier
-0.09380308538675308,-0.10236905515193939,-0.08696609735488892,-0.18169736862182617,0.0887150838971138,-0.058146774768829346,-0.6152443289756775,0.2657202482223511,0.060162462294101715,0.3374719023704529,1,eland
0.5647380352020264,0.22634999454021454,-0.2518414556980133,-0.5548881888389587,0.4254375696182251,-0.06293074041604996,-0.04380729794502258,-0.04977010190486908,-0.01264224760234356,0.29370349645614624,1,guinea pig
0.3558313250541687,0.1888355165719986,-0.2238389402627945,-0.19817376136779785,0.07303652167320251,-0.21510887145996094,-0.3235247731208801,-0.1312955617904663,0.12590068578720093,0.488248348236084,1,earwig
0.20230714976787567,-0.1388627588748932,-0.13437029719352722,-0.5626540780067444,0.15912741422653198,0.11901003867387772,-0.10458280891180038,0.05962135270237923,0.03763018548488617,0.31326824426651,1,civet
0.12808875739574432,0.4264390170574188,0.31857261061668396,-0.02927902340888977,0.061715658754110336,-0.08814781159162521,-0.08917312324047089,0.027202576398849487,-0.018865032121539116,0.22158023715019226,1,pangolin
0.8592775464057922,-0.27848026156425476,-0.3289390504360199,-0.6747415661811829,0.9751895070075989,-0.23893912136554718,0.35009852051734924,-0.5725284814834595,-0.0034666110295802355,0.12085393816232681,1,ostrich
-0.15782441198825836,0.379611998796463,0.027866225689649582,0.15207192301750183,-0.3190193772315979,0.07615326344966888,-0.22914211452007294,0.3454973101615906,-0.05115359276533127,0.2512913644313812,1,beaver
0.49455755949020386,-0.20171846449375153,-0.2613927721977234,-0.6990469098091125,0.3068586587905884,0.1241382509469986,-0.2523338198661804,0.12743878364562988,0.16017279028892517,-0.3208518624305725,1,bobcat
0.27600306272506714,0.12922464311122894,-0.2478715479373932,-0.17500022053718567,-0.06746157258749008,0.5724632143974304,0.007980568334460258,0.5068132877349854,0.06442698836326599,0.43379467725753784,1,horse
0.41236841678619385,-0.17665798962116241,0.0495784617960453,-0.7627671360969543,0.6013258695602417,-0.16811694204807281,0.10264063626527786,0.05132405832409859,0.17034851014614105,-0.33244588971138,1,raccoon
0.47919535636901855,-0.12164989858865738,-0.22175991535186768,-0.4965859055519104,0.4814883768558502,-0.2713260352611542,-0.30452781915664673,-0.2913050353527069,0.3748747408390045,0.3070157468318939,1,lemur
0.5136775970458984,-0.1562042534351349,-0.02522537112236023,-0.3588055372238159,-0.0188305526971817,-0.39121001958847046,-0.35686376690864563,-0.19123326241970062,0.3370791971683502,0.12651804089546204,1,kangaroo rat
-0.08743304759263992,0.17035849392414093,0.22401081025600433,-0.4018588066101074,-0.25450658798217773,-0.2845224440097809,-0.054379940032958984,0.42077600955963135,-0.13524025678634644,-0.06237879395484924,1,coati
0.7365796566009521,-0.11123437434434891,-0.33280763030052185,-0.3398737907409668,0.5862436890602112,-0.16218477487564087,0.25171247124671936,0.006168872117996216,0.12246506661176682,0.10117994993925095,1,parakeet
0.6396516561508179,0.05357543006539345,0.09423057734966278,-0.377574622631073,0.6217159032821655,0.25465381145477295,-0.10918372869491577,-0.026915572583675385,0.06923782825469971,0.2514203190803528,1,impala
0.409285306930542,0.24077297747135162,-0.18738557398319244,-0.24184441566467285,0.27846935391426086,-0.2715911269187927,0.3250693678855896,-0.27060019969940186,0.05919614061713219,0.23858463764190674,1,dragonfly
-0.12236851453781128,0.4209149479866028,-0.1497611403465271,0.002384524792432785,-0.09943191707134247,0.024780213832855225,-0.2532382607460022,-0.00650448352098465,0.025641806423664093,0.12898647785186768,1,mosquito
0.07949212193489075,0.08970245718955994,0.12075845152139664,-0.4468049705028534,0.008718091063201427,-0.17582917213439941,-0.27300405502319336,0.10488451272249222,0.34425583481788635,0.01670544594526291,1,axolotl
0.4368838965892792,-0.05200142785906792,-0.14808456599712372,-0.7713235020637512,0.6941328644752502,-0.48158136010169983,0.09503582864999771,-0.2724244296550751,0.06977999210357666,-0.16120684146881104,1,iguana
0.7264997363090515,0.09453839063644409,-0.3657122850418091,-0.9377455711364746,0.6692832112312317,0.08954071998596191,0.3587847054004669,-0.203774094581604,0.18599849939346313,-0.021108755841851234,1,giraffe
-0.010111941955983639,0.5208074450492859,-0.25901177525520325,0.02266908437013626,-0.17576049268245697,-0.07030729949474335,0.09310643374919891,-0.13596749305725098,-0.026810109615325928,0.14497147500514984,1,frog
0.42262282967567444,-0.22128184139728546,0.11886320263147354,-0.5482101440429688,0.47182774543762207,-0.4159638285636902,0.23512640595436096,-0.2695487141609192,0.3019717335700989,0.40945520997047424,1,ring-tailed lemur
0.5269672274589539,-0.06920306384563446,-0.16365762054920197,-0.1725190132856369,0.48410648107528687,0.1887587010860443,-0.6934694051742554,0.322604238986969,0.2490614354610443,0.17294959723949432,1,bonobo
0.27540531754493713,-0.12988300621509552,-0.0640777125954628,-0.41984859108924866,0.1101394072175026,-0.270999014377594,0.03824751451611519,-0.08550194650888443,0.11205342411994934,-0.07312754541635513,1,cicada
0.37881895899772644,0.1565413922071457,0.15517939627170563,-0.6445210576057434,0.005166699644178152,0.16672295331954956,-0.08085187524557114,0.0018317649373784661,0.07889978587627411,0.6656772494316101,1,water boatman
0.3140754997730255,0.1499980092048645,-0.20099571347236633,-0.1710176020860672,0.26848191022872925,-0.21769246459007263,0.4220450520515442,-0.0573459267616272,0.08688734471797943,0.10316014289855957,1,robber fly
0.2439633160829544,-0.2682642638683319,-0.07107812911272049,-0.7429493069648743,0.39089807868003845,-0.36359307169914246,0.41638684272766113,-0.15139272809028625,0.18776264786720276,0.07902707904577255,1,harlequin filefish
0.31057143211364746,0.38566267490386963,-0.1353817582130432,-0.18479475378990173,0.3070964217185974,-0.2536505460739136,0.13130731880664825,-0.2706531286239624,0.22738799452781677,0.5574063062667847,1,queen butterfly
-0.22304101288318634,0.4603364169597626,-0.010895060375332832,0.07429970800876617,0.031284868717193604,0.13418379426002502,-0.38447779417037964,0.15883520245552063,-0.168756902217865,0.2911754846572876,1,octopus
-0.2442181408405304,0.28932252526283264,-0.23787784576416016,0.2325870394706726,-0.16555491089820862,0.16227738559246063,-0.5444984436035156,0.14996056258678436,-0.14201951026916504,0.27858880162239075,1,rat
0.42178526520729065,0.031186774373054504,-0.054350972175598145,-0.7846469283103943,-0.09249219298362732,0.20499320328235626,-0.2837485074996948,-0.040945813059806824,-0.03568673133850098,0.6239104270935059,1,sea lion
0.225066676735878,0.11415746808052063,-0.0516497939825058,-0.5341846346855164,0.29663994908332825,-0.23741291463375092,-0.397962361574173,-0.13124287128448486,-0.07656752318143845,-0.0902768149971962,1,capybara
0.3481338322162628,0.3051944971084595,-0.29886823892593384,-0.24177299439907074,0.3154749572277069,-0.005200155079364777,0.22734911739826202,-0.15963789820671082,0.10221578180789948,0.4496511220932007,1,monarch butterfly
-0.10497933626174927,0.18885284662246704,-0.031069008633494377,-0.6307029128074646,-0.3041815757751465,0.21291935443878174,-0.1606152355670929,0.14494472742080688,-0.07085444033145905,0.29100659489631653,1,whale
0.0704905241727829,0.4760221540927887,-0.22789239883422852,0.3956543803215027,-0.027862751856446266,0.09529146552085876,-0.22124230861663818,-0.28305062651634216,0.07703302800655365,0.21538947522640228,1,lizard
0.025727760046720505,-0.12990409135818481,-0.12163785099983215,-0.23856057226657867,-0.1006222739815712,0.14847439527511597,-0.17510944604873657,-0.006172556430101395,-0.08708058297634125,0.1628730446100235,0,crave
-0.001908550038933754,0.19741001725196838,0.22034260630607605,0.22531738877296448,-0.1111966222524643,0.06345643848180771,-1.0502455234527588,0.2718445658683777,0.15392066538333893,0.4104301929473877,0,discovery
-0.18871590495109558,0.4930230975151062,0.23240186274051666,0.02735968679189682,-0.1406543105840683,0.178960919380188,-0.4869089722633362,0.19205541908740997,0.13867779076099396,0.32227829098701477,0,protection
0.4650196135044098,0.23106467723846436,0.06845669448375702,-0.3165498375892639,0.11552511155605316,0.36366742849349976,-0.03540255129337311,0.34850233793258667,0.019881989806890488,0.24099084734916687,0,gallop
-0.45792677998542786,0.1994626522064209,-0.023501986637711525,0.20796921849250793,-0.21046043932437897,0.2927776873111725,-1.2590936422348022,0.3322025239467621,-0.3671601116657257,0.7172350287437439,0,not
-0.08404281735420227,0.5812631845474243,-0.16026988625526428,0.23826932907104492,-0.32411497831344604,0.23957416415214539,-1.127730369567871,0.3235095739364624,-0.10463383793830872,0.85136878490448,0,many
-0.3042551577091217,0.4734908640384674,0.10239866375923157,-0.607014536857605,-0.2989940941333771,0.36439162492752075,-0.4724360406398773,0.4826923608779907,-0.13925865292549133,0.6048352718353271,0,Thanksgiving
-0.20591673254966736,0.25096169114112854,0.062044791877269745,0.35249418020248413,0.1180858314037323,0.35684821009635925,-0.6523715257644653,0.34248071908950806,-0.006378998979926109,0.17356087267398834,0,somebody
0.12804767489433289,0.5201410055160522,-0.22102174162864685,-0.14535175263881683,-0.14525556564331055,0.5221554040908813,-0.8505728244781494,0.40389853715896606,-0.36757224798202515,0.6142293810844421,0,go
-0.2385997772216797,0.034157462418079376,0.42906299233436584,-0.19565126299858093,-0.5252615213394165,0.4510544538497925,-1.1215962171554565,0.3008345365524292,-0.14216570556163788,1.0174251794815063,0,half
-0.13698242604732513,0.9064691066741943,-0.018425123766064644,0.06940260529518127,-0.5561332106590271,0.5383268594741821,-0.5955219268798828,0.1414915919303894,-0.08772189915180206,0.6348793506622314,0,throw
-0.323403000831604,0.4419187307357788,0.1281890869140625,0.03964661806821823,-0.311703085899353,0.17113175988197327,-0.31735488772392273,0.27299851179122925,-0.04793383553624153,0.3681812286376953,0,food
-0.35448184609413147,0.3536134362220764,0.1568497270345688,-0.1595924198627472,-0.4050029218196869,0.010550197213888168,-0.4805877208709717,0.8310321569442749,-0.2959674894809723,0.5193427205085754,0,was
-0.2958107590675354,0.4093453586101532,0.12676310539245605,0.22394824028015137,-0.05082070454955101,0.369249165058136,-0.1659073531627655,0.24744245409965515,-0.39248326420783997,0.48985716700553894,0,hug
-0.1400376707315445,0.5155184268951416,-0.26801401376724243,-0.3081544041633606,-0.11838697642087936,0.259895920753479,-0.3025681674480438,0.4653168022632599,-0.16647160053253174,0.2742875814437866,0,shoes
-0.411136656999588,0.5296783447265625,0.11087260395288467,0.09661901742219925,-0.5651059150695801,0.0036099031567573547,-0.452962189912796,0.44613033533096313,-0.6859079599380493,0.6685353517532349,0,either
-0.053912002593278885,0.5812714099884033,0.2856362760066986,-0.1914113312959671,-0.12835818529129028,-0.21711210906505585,0.039621684700250626,0.2152724713087082,-0.2052486687898636,-0.09632266312837601,0,when's
-0.28229525685310364,0.3440840244293213,0.04400891438126564,0.19576403498649597,-0.44101712107658386,0.3314605951309204,-0.4426489770412445,0.18121735751628876,-0.15696145594120026,0.48326265811920166,0,cascade
-0.2778080403804779,0.7261765599250793,0.33336231112480164,0.19512370228767395,-0.23922492563724518,0.16743889451026917,-0.8575093746185303,0.3527248501777649,-0.13771091401576996,0.47568464279174805,0,doing
-0.6715297698974609,0.2763049602508545,0.07679350674152374,-0.24574533104896545,-0.646591067314148,0.17139478027820587,-0.4372424781322479,0.6435757875442505,-0.5474498271942139,0.44775015115737915,0,be
-0.05504388362169266,0.7493201494216919,-0.2752281725406647,0.2151813805103302,0.17983341217041016,0.20808552205562592,-0.6855842471122742,0.09964659810066223,0.07307563722133636,0.02942265011370182,0,icon
-0.5475651025772095,0.4563586115837097,0.052361875772476196,0.19691136479377747,0.014321010559797287,0.2671160101890564,-1.2325465679168701,0.29862743616104126,-0.18907077610492706,0.3486360013484955,0,fact
-0.46939969062805176,0.21875056624412537,0.08023630827665329,0.2486092448234558,-0.6079699993133545,0.14746345579624176,-1.1578983068466187,0.47439855337142944,-0.3229178190231323,0.8901301622390747,0,1
0.04992387816309929,0.4145647883415222,-0.06839529424905777,-0.3940788209438324,-0.31669774651527405,0.14044487476348877,0.021902110427618027,0.8799102306365967,-0.8118293285369873,0.35615140199661255,0,will
-0.2567467987537384,-0.029711686074733734,-0.010066060349345207,0.28770506381988525,-0.05088428407907486,0.2994464635848999,-1.0844824314117432,0.6727464199066162,-0.32919952273368835,0.6951879858970642,0,There
-0.04453258961439133,0.7327855229377747,0.022403769195079803,0.4083522856235504,-0.5734819173812866,0.19549885392189026,-0.672149658203125,0.11558355391025543,-0.22399704158306122,0.2952859401702881,0,smart
-0.05810994282364845,0.6536019444465637,-0.22756797075271606,0.007195379585027695,-0.2917845845222473,0.4384006857872009,-0.7173702716827393,-0.23196449875831604,-0.09984277188777924,0.4766991138458252,0,line
-0.08377538621425629,0.5073418617248535,-0.07721110433340073,0.22288015484809875,-0.4106408655643463,0.09012575447559357,-0.6026068925857544,0.43906399607658386,-0.12759745121002197,0.9274500608444214,0,Word
-0.23238235712051392,0.2585996389389038,0.2480275183916092,-0.12397565692663193,0.12741218507289886,-0.1092095896601677,-0.5914876461029053,0.13799186050891876,-0.4653647840023041,0.044210683554410934,0,shan't
-0.3905109763145447,0.41282665729522705,0.08281286805868149,-0.01868186518549919,-0.077659472823143,0.46926987171173096,-0.6439799666404724,0.4912025034427643,-0.4633784890174866,0.8307515978813171,0,am
-0.17691129446029663,0.7729958295822144,0.1508377343416214,-0.20451372861862183,0.024449240416288376,0.288051962852478,-0.9111174941062927,0.6348135471343994,-0.5324735045433044,0.7136554718017578,0,do
-0.49249356985092163,0.7422677278518677,0.13291192054748535,0.451517254114151,-0.19756679236888885,0.16662441194057465,-0.8624209761619568,0.3759685158729553,-0.13235898315906525,0.4804750084877014,0,knowledge
-0.3997444212436676,0.35811835527420044,-0.04105621576309204,0.40154704451560974,0.03368827700614929,0.1997315138578415,-0.47195345163345337,0.2497948408126831,-0.26758643984794617,0.30784162878990173,0,crunch
-0.3958298861980438,0.1147499531507492,-0.0458756759762764,0.1469452977180481,-0.1873667985200882,0.21260064840316772,-1.077302098274231,0.36902058124542236,-0.31900522112846375,0.8639554381370544,0,almost
-0.26588982343673706,0.09252750873565674,0.3999566435813904,0.27689993381500244,-0.5102528929710388,-0.32863447070121765,-0.6180256605148315,0.8142251372337341,-0.42215853929519653,0.5809494853019714,0,--
-0.5404335856437683,0.5435246825218201,0.0786437913775444,0.48456719517707825,-0.5182596445083618,0.45099112391471863,-0.627539873123169,0.37753361463546753,-0.19239690899848938,0.5343810319900513,0,higher
-0.2846575379371643,0.36698204278945923,-0.120294488966465,-0.05051339790225029,-0.13920393586158752,0.7017737030982971,-0.5346908569335938,0.05521395802497864,-0.2576793432235718,0.8213071823120117,0,music
-0.13571994006633759,0.14418010413646698,0.11894061416387558,0.13705655932426453,0.014878049492835999,0.4623141288757324,-0.5499905943870544,0.23697839677333832,-0.0689861923456192,0.2375539243221283,0,rendezvous
-0.12625591456890106,0.36520928144454956,0.08947301656007767,0.21960797905921936,-0.306779146194458,0.3201978802680969,-0.48398563265800476,0.18146197497844696,-0.3405891954898834,0.5653256177902222,0,prices
-0.48039862513542175,0.2489093542098999,0.14951296150684357,-0.1316026747226715,-0.3469489812850952,-0.15305544435977936,-0.6549959778785706,0.8467785120010376,-0.8301547169685364,0.7363162040710449,0,or
-0.2877216935157776,0.3852330148220062,0.1680642068386078,0.33337050676345825,0.06106908619403839,0.2567652463912964,-0.525212824344635,0.16552750766277313,-0.2748480439186096,0.5046178102493286,0,haul
0.2538575232028961,0.4904478192329407,-0.18345749378204346,-0.07180222868919373,-0.16534438729286194,-0.07617127895355225,0.05373569205403328,0.34062570333480835,0.17222383618354797,0.5182918310165405,0,bird
-0.12486055493354797,0.24454283714294434,-0.04659683257341385,0.07756789028644562,0.08018209785223007,0.44927242398262024,-0.18176481127738953,0.749191164970398,-0.3787905275821686,-0.017262425273656845,0,whom
0.19217458367347717,0.7092589139938354,-0.3573441207408905,-0.07465658336877823,-0.12933194637298584,0.43161025643348694,-0.27549660205841064,0.5228506922721863,-0.3109073340892792,0.5061165690422058,0,buy
-0.07310903072357178,0.03370421752333641,-0.17497780919075012,-0.21712975203990936,0.1527862548828125,0.008403219282627106,-0.311383992433548,-0.12113410234451294,-0.03199271857738495,0.17697781324386597,0,quintessence
-0.26213935017585754,0.6196861267089844,0.3985842168331146,0.06838709115982056,-0.38935771584510803,0.4673570990562439,-0.9101150631904602,-0.04505549371242523,-0.08788927644491196,0.5484693050384521,0,side
-0.5705550909042358,0.38793665170669556,-0.39015084505081177,0.18186992406845093,-0.12802761793136597,0.6007118225097656,-0.7335818409919739,0.1964072287082672,-0.23041461408138275,0.5095201730728149,0,hit
-0.3731507360935211,0.399223268032074,-0.03162003308534622,0.5033614039421082,-0.16653479635715485,-0.0032520517706871033,-0.9759202599525452,0.2749957740306854,-0.20247653126716614,0.9852580428123474,0,York
-0.3749081790447235,0.5851029753684998,0.008472524583339691,0.04276832938194275,-0.4453641474246979,0.3894062340259552,-0.6530653238296509,0.6628596782684326,-0.5619171261787415,0.42733240127563477,0,say
-0.10009829699993134,0.6003512740135193,0.12384963780641556,-0.07576842606067657,-0.3237752914428711,0.5654512643814087,-1.1601784229278564,0.10088670998811722,0.014969028532505035,0.3983171582221985,0,vista
-0.2824149429798126,0.25029662251472473,-0.0627826452255249,0.048143237829208374,-0.1702200323343277,0.143756702542305,-0.8718274831771851,0.4603116512298584,-0.28019869327545166,0.3516136407852173,0,But
0.3663124144077301,-0.5177019238471985,0.027041196823120117,-0.32840070128440857,0.028034189715981483,-0.0792963057756424,-0.17743109166622162,0.055789653211832047,0.4570600092411041,-0.1386094093322754,0,quasar
-0.3468208611011505,0.15811699628829956,0.06848031282424927,-0.14171920716762543,-0.5648869276046753,0.617902398109436,-0.6882790327072144,0.15336009860038757,-0.20393186807632446,0.7346944808959961,0,cold
-0.12317320704460144,0.6271494626998901,0.18163734674453735,0.42845678329467773,-0.2140209674835205,0.26785939931869507,-0.005808759480714798,0.19605325162410736,-0.1577650010585785,0.5188048481941223,0,hand
-0.17150433361530304,0.7859058380126953,0.17479228973388672,0.13606303930282593,-0.6525959968566895,0.12327909469604492,-0.5226245522499084,0.304566890001297,-0.1598333865404129,0.727814793586731,0,business
-0.29110172390937805,0.6426464319229126,-0.1192791685461998,-0.19067367911338806,-0.5249673128128052,0.20352917909622192,-0.4875408411026001,0.09641525149345398,-0.05786294490098953,0.49625295400619507,0,pizza
-0.6069667935371399,0.4203815460205078,0.11639422178268433,0.37835389375686646,-0.12189853191375732,0.25976598262786865,-0.48976781964302063,0.24398697912693024,-0.266373872756958,0.23761282861232758,0,softness
-0.10162433981895447,0.19148916006088257,0.07993534207344055,0.36611244082450867,-0.20565998554229736,-0.08176083117723465,-1.096089243888855,0.3323116898536682,-0.1498742252588272,0.649753749370575,0,such
-0.31603100895881653,0.7689324617385864,-0.07423697412014008,-0.7134974598884583,-0.3807336390018463,0.3609423339366913,-0.07391117513179779,0.12555350363254547,-0.0032772384583950043,0.1459629088640213,0,coffee
-0.45525822043418884,0.3844119906425476,0.24216289818286896,0.15860244631767273,-0.2625052034854889,0.43206143379211426,-0.531960666179657,0.4776522219181061,-0.47479772567749023,0.9068236947059631,0,lie
-0.33837467432022095,0.38949546217918396,0.039025746285915375,0.013680506497621536,-0.011682065203785896,0.21046137809753418,-0.7777044773101807,0.6017733812332153,-0.3570510149002075,0.5854734778404236,0,When
-0.23604200780391693,0.5372287034988403,-0.07190905511379242,-0.13119739294052124,0.22497859597206116,0.3546825349330902,-0.3953738510608673,0.2827529311180115,-0.14537076652050018,0.311896413564682,0,havoc
-0.2612793445587158,0.37345921993255615,0.281577467918396,-0.03897847980260849,-0.272540807723999,0.10175101459026337,-0.5254567265510559,0.28631123900413513,-0.04259810969233513,0.47238585352897644,0,drying
-0.38640308380126953,0.5203147530555725,0.40020492672920227,0.1557673215866089,-0.2237423062324524,0.3637411296367645,-0.6366277933120728,0.5374888181686401,-0.24749436974525452,0.5434794425964355,0,mother
-0.1105479896068573,0.1520075649023056,-0.06533563137054443,-0.06354136765003204,-0.284883588552475,-0.2977578341960907,-0.4337550401687622,0.1477774679660797,0.055846668779850006,0.2838505208492279,0,nuance
-0.46146899461746216,0.6156291961669922,-0.19820059835910797,0.1459549069404602,0.1222134530544281,0.5601310729980469,-0.6364452242851257,0.17084869742393494,-0.31850093603134155,0.2357250154018402,0,hat
-0.08270619809627533,0.3897401690483093,0.1650184690952301,-0.6660453081130981,-0.18695086240768433,0.6312548518180847,-0.4349101781845093,0.04150731861591339,-0.0787775069475174,0.5966364741325378,0,couch
-0.13313287496566772,0.41522905230522156,0.14082114398479462,0.48685911297798157,-0.42412659525871277,0.4001022279262543,-0.6131516695022583,0.2246730923652649,0.1883208006620407,0.6545813083648682,0,descent
-0.20916028320789337,0.3550282120704651,0.25756096839904785,0.2852103114128113,-0.355791300535202,0.5435161590576172,-0.184040829539299,0.6163555383682251,-0.3691919445991516,0.5992752313613892,0,between
0.3587302267551422,0.25521159172058105,0.4633060693740845,0.14614298939704895,0.29048553109169006,0.15239903330802917,-0.752713680267334,0.3909805715084076,-0.21938815712928772,0.5588918328285217,0,5
-0.36071911454200745,0.42079994082450867,0.19562175869941711,0.29019176959991455,0.07531236857175827,0.2621944546699524,-0.8193170428276062,0.1326945424079895,-0.3486731946468353,0.5812579989433289,0,true
-0.08189649879932404,0.6623793244361877,-0.09151017665863037,0.02304919809103012,-0.47745281457901,0.3990568518638611,-0.7862175107002258,0.5180150866508484,-0.33404070138931274,1.0116995573043823,0,million
-0.3025328516960144,0.04151161015033722,0.18332810699939728,-0.2585448622703552,-0.1327839195728302,0.1465689092874527,-0.4753018617630005,0.4049912691116333,-0.24370430409908295,0.2858986258506775,0,Corp.
-0.31179535388946533,0.31958985328674316,0.05212574452161789,-0.25730884075164795,-0.2320605218410492,-0.008447732776403427,-0.9474647045135498,0.45175817608833313,-0.21564096212387085,0.4442790448665619,0,because
-0.5628520250320435,0.19975319504737854,0.4602527320384979,0.1468738317489624,-0.4091324806213379,-0.19412824511528015,-1.162015676498413,0.6183415651321411,-0.2896560728549957,0.5831003189086914,0,a
-0.1286901980638504,0.4365028142929077,0.24695412814617157,0.17600983381271362,-0.16726060211658478,0.5836589336395264,0.048151157796382904,0.3929804861545563,-0.1958630532026291,0.6968064308166504,0,mind
-0.47078937292099,0.7130003571510315,1.0429437160491943,0.06460325419902802,-0.22887153923511505,-0.5105082988739014,-1.1697698831558228,1.1301995515823364,-0.285183846950531,0.6417686343193054,0,;
-0.11693882942199707,0.43573692440986633,-0.23701635003089905,-0.06609953939914703,-0.20059464871883392,0.25597697496414185,-0.4460280239582062,0.34583523869514465,0.041165608912706375,0.657314121723175,0,book
-0.15149225294589996,0.711388349533081,0.19429713487625122,-0.027513999491930008,-0.5746723413467407,0.3526160418987274,-0.4890389144420624,0.03240397572517395,-0.16400989890098572,0.5456992387771606,0,science
-0.21676479279994965,0.7748860120773315,0.08251334726810455,0.02872956544160843,-0.16451148688793182,-0.010715572163462639,-0.8168603777885437,0.18282371759414673,0.09698987007141113,0.19969767332077026,0,apple
0.0675441324710846,0.5868726372718811,0.09865960478782654,-0.016373449936509132,-0.3878737688064575,0.3910105526447296,-0.36473366618156433,0.5889298915863037,-0.2523200809955597,0.5353955030441284,0,hope
-0.4912276566028595,0.606664776802063,0.22997741401195526,-0.1204371452331543,-0.45616400241851807,0.049575358629226685,-0.6672087907791138,0.22184576094150543,-0.04982571303844452,0.6202752590179443,0,type
-0.11770731210708618,0.12920549511909485,-0.02671687863767147,-0.1736178994178772,-0.2626698911190033,0.45213136076927185,-0.4284423887729645,0.21029919385910034,0.021649077534675598,-0.024303730577230453,0,star
-0.3308296501636505,0.5372363924980164,0.04006410017609596,0.3374118506908417,-0.6775662899017334,0.25219637155532837,-0.6310846209526062,0.2598896026611328,-0.26391294598579407,0.6820387244224548,0,Materials
-0.4558415710926056,0.35191866755485535,0.20504894852638245,-0.13681596517562866,-0.28612983226776123,0.28851592540740967,-0.7708215713500977,0.6801880598068237,-0.4035138785839081,0.7306402921676636,0,have
-0.35621997714042664,0.8778428435325623,0.3741095960140228,0.0747838169336319,-0.17434370517730713,0.23225420713424683,-0.6120451092720032,0.2884766459465027,-0.6768577694892883,0.5474628806114197,0,does
-0.4199541211128235,1.1121869087219238,0.1906578540802002,0.3307488262653351,-0.33764082193374634,0.9023078083992004,-0.6826155781745911,0.17820832133293152,-0.23768195509910583,0.9891584515571594,0,end
-0.36739709973335266,0.4335344135761261,0.14966125786304474,0.39003604650497437,-0.2910025715827942,0.17922841012477875,-0.5827305912971497,0.36826109886169434,-0.31188449263572693,0.6651957631111145,0,all
-0.28364723920822144,0.6344394087791443,0.14089415967464447,-0.04126166179776192,-0.21620146930217743,0.3666808605194092,-0.7173800468444824,0.07903037965297699,-0.19874054193496704,0.4306117296218872,0,nirvana
-0.40650197863578796,0.3959890902042389,0.0642133429646492,-0.3876528739929199,-0.2665563225746155,0.5153246521949768,-0.23949754238128662,0.5745213031768799,-0.2512161135673523,0.6582048535346985,0,fear
-0.020623821765184402,0.33646684885025024,0.06791728734970093,0.2759060263633728,-0.5121593475341797,0.16953575611114502,-0.10524511337280273,0.2739177346229553,-0.2726042568683624,0.665591299533844,0,fast
-0.3044746220111847,0.33862072229385376,0.3624520003795624,0.2534361183643341,0.005476333200931549,0.05913887172937393,-0.33088913559913635,0.21343593299388885,-0.2356305718421936,0.2530699074268341,0,containment
0.5029397010803223,0.03446344658732414,-0.15277503430843353,-0.6653483510017395,0.25532007217407227,0.5459316372871399,0.1930728703737259,-0.06349235773086548,0.11410649865865707,0.5446068644523621,0,wanderlust
-0.13780629634857178,0.5531814694404602,0.24612018465995789,0.08361079543828964,-0.2720014154911041,-0.33371037244796753,-0.6282064914703369,0.30590587854385376,-0.4167461395263672,0.24920415878295898,0,C$
0.1477154791355133,0.35360968112945557,0.1146688461303711,-0.1565641164779663,-0.7511233687400818,0.6629139184951782,-0.7617385983467102,0.16908159852027893,-0.054668866097927094,0.7984731793403625,0,surf
-0.36125147342681885,0.6847521662712097,0.06066569685935974,-0.038054440170526505,-0.5163385272026062,0.0780818834900856,-0.8684204816818237,0.40949511528015137,-0.37743380665779114,0.5391693711280823,0,big
-0.36018607020378113,-0.04233310744166374,0.15171392261981964,-0.3751443326473236,0.1414918452501297,-0.15229620039463043,-0.6454614996910095,-0.0001432796270819381,-0.5660042762756348,0.21836191415786743,0,can't
0.36358287930488586,0.19710910320281982,0.12573373317718506,-0.5841896533966064,0.05382528901100159,-0.026674382388591766,-0.15982945263385773,-0.257612407207489,-0.18615218997001648,0.1572067141532898,0,bivouac
0.25498613715171814,0.4187781810760498,0.6477614045143127,0.3473435342311859,-0.34244224429130554,-0.11244239658117294,-0.8546109199523926,0.6538068056106567,-0.20558995008468628,0.29801058769226074,0,thus
-0.37282639741897583,0.2666522264480591,0.24475102126598358,0.24183210730552673,-0.30181562900543213,0.005206100642681122,-1.1886695623397827,0.3591783940792084,-0.2898540198802948,0.4636819064617157,0,as
0.04116220027208328,0.4271544814109802,-0.16854240000247955,-0.2327076941728592,0.3720126450061798,0.407004177570343,-0.1993715465068817,0.12419437617063522,-0.10069090873003006,0.6420261859893799,0,reverie
-0.08032773435115814,0.3181925415992737,0.06717390567064285,0.015723496675491333,-0.1531289517879486,0.36014360189437866,-0.4572523832321167,0.3372182548046112,-0.2424188107252121,0.5324756503105164,0,vibration
0.2081337422132492,0.5051275491714478,0.13609080016613007,0.23421013355255127,-0.2218678593635559,0.1408243328332901,-0.9592005610466003,0.2900305390357971,0.25889942049980164,-0.1699567288160324,0,10
-0.054173849523067474,0.07469211518764496,0.32307058572769165,-0.004136174917221069,-0.4612991213798523,-0.058379560708999634,-0.37646549940109253,0.32996925711631775,-0.20455200970172882,0.5189805626869202,0,formality
-0.02171209827065468,1.0970680713653564,-0.4872629940509796,0.04659469425678253,-0.17653127014636993,0.4556880593299866,-0.4628506302833557,0.09057925641536713,-0.1005520224571228,0.6442762613296509,0,art
-0.08015777170658112,0.46241113543510437,0.17384810745716095,0.1979278028011322,-0.3612211048603058,0.5334472060203552,-0.4319302439689636,0.4886625111103058,-0.41902050375938416,0.158186137676239,0,future
-0.1415684074163437,0.5432102680206299,0.04885769262909889,-0.39840587973594666,-0.19971686601638794,0.6190422773361206,-0.12261545658111572,0.15146774053573608,-0.3459305763244629,0.792824923992157,0,love
-0.2564782500267029,0.4586513936519623,0.16238173842430115,0.5183959007263184,-0.38737407326698303,0.6517887115478516,-1.2313703298568726,0.046930067241191864,-0.19991254806518555,0.8323703408241272,0,cut
-0.3378668427467346,0.822370171546936,-0.15689638257026672,-0.21477675437927246,-0.15413516759872437,0.5311782360076904,-0.1732538938522339,0.1397995948791504,-0.0874788761138916,0.29884952306747437,0,tea
-0.04791867733001709,0.47637876868247986,0.014306015335023403,0.18997079133987427,-0.4203856289386749,0.42809009552001953,-0.43481338024139404,-0.03477972000837326,-0.04194427654147148,0.5690932273864746,0,easy
0.22702144086360931,0.08250392973423004,0.07725004851818085,-0.014839757233858109,0.04223402589559555,-0.012888314202427864,-0.9255650043487549,0.3590169847011566,0.007583245635032654,0.2507670819759369,0,suddenly
-0.4329484701156616,0.26732054352760315,0.43098416924476624,-0.0028148964047431946,-0.3816272020339966,0.32469823956489563,-0.8966355919837952,-0.06139548122882843,-0.10726161301136017,1.0851682424545288,0,part
-0.015416741371154785,-0.03768900781869888,0.05213433504104614,-0.09698047488927841,-0.18414969742298126,0.10552456974983215,-0.641979455947876,0.3262128233909607,-0.47658851742744446,0.6357461810112,0,anywhere
-0.010862172581255436,0.42012259364128113,0.17726927995681763,0.0004061087965965271,-0.22121185064315796,0.33897513151168823,-0.43726298213005066,0.5497094392776489,-0.031076595187187195,0.4425470232963562,0,through
-0.1614960879087448,0.4940718710422516,-0.007411966100335121,0.21773934364318848,-0.13777196407318115,0.3359311819076538,-0.6259662508964539,0.3906630575656891,-0.1955597847700119,0.7294706702232361,0,few
0.08788028359413147,0.4638402462005615,-0.30829140543937683,0.07597886025905609,-0.04166873171925545,-0.013448702171444893,-0.018221542239189148,0.17205321788787842,-0.26441460847854614,0.39807388186454773,0,fly
-0.0663745254278183,0.3764117658138275,0.415518581867218,-0.16810548305511475,-0.350444495677948,-0.21966449916362762,-0.530724287033081,0.37047648429870605,-0.286245197057724,0.3375445306301117,0,"because,"
-0.09737421572208405,0.5382144451141357,-0.2299325168132782,-0.2012944221496582,-0.19787780940532684,0.3973705768585205,-0.2883175313472748,0.3033904433250427,-0.135239377617836,0.6123794317245483,0,kite
0.2022099792957306,0.5919569134712219,-0.14966019988059998,-0.1409778594970703,-0.03586863726377487,0.27555784583091736,-0.45816558599472046,0.20904825627803802,0.005207184702157974,0.6468621492385864,0,flower
-0.22323739528656006,0.27816104888916016,0.05439482256770134,-0.2703040838241577,-0.25535017251968384,-0.10518335551023483,-0.24666905403137207,-0.16616776585578918,-0.08082336187362671,0.13273985683918,0,it's
-0.4053383767604828,-0.15124869346618652,-0.05889216810464859,0.19475707411766052,-0.106047123670578,0.2463637888431549,-0.5920750498771667,0.569474458694458,-0.30450430512428284,0.5530897378921509,0,those
-0.14464764297008514,0.24810141324996948,-0.19263795018196106,-0.0660300999879837,0.3125627934932709,0.36243000626564026,-0.9354110360145569,0.9632030725479126,-0.4879322946071625,0.8304092288017273,0,oh
-0.14464764297008514,0.24810141324996948,-0.19263795018196106,-0.0660300999879837,0.3125627934932709,0.36243000626564026,-0.9354110360145569,0.9632030725479126,-0.4879322946071625,0.8304092288017273,0,Oh
-0.010968092828989029,0.39914727210998535,0.05479641258716583,-0.09239636361598969,0.1328447014093399,0.3257310688495636,-0.6001355051994324,0.17103728652000427,-0.16173698008060455,0.3783273696899414,0,vortex
0.15705887973308563,-0.26807525753974915,-0.14353404939174652,-0.006335519254207611,0.11631122976541519,-0.2036978155374527,-0.434288889169693,-0.009794119745492935,-0.11715951561927795,0.304134726524353,0,xylophone
0.6897615194320679,0.3127623200416565,0.24089258909225464,-0.5837917327880859,-0.6991775631904602,0.3942191004753113,-0.0923394113779068,-0.05109446868300438,0.0677342414855957,0.6282488107681274,0,surfboard
-0.10250075161457062,0.34825003147125244,0.07935205847024918,-0.16384346783161163,-0.5236088037490845,0.22479695081710815,-0.21420183777809143,0.20511391758918762,-0.08805476874113083,0.20883052051067352,0,Securities
0.562370777130127,0.4198988080024719,-0.14464211463928223,-0.8673389554023743,0.4671972393989563,-0.01212020218372345,-0.5378237962722778,-0.17565089464187622,0.20829470455646515,-0.002771753817796707,0,gadget
-0.48589444160461426,0.7920398116111755,-0.013409817591309547,0.24111172556877136,-0.0631766989827156,0.08425797522068024,-0.7752459645271301,0.4314987063407898,-0.11518466472625732,0.3698800802230835,0,case
-0.3327929377555847,0.20466729998588562,0.1244344487786293,0.07676111906766891,-0.09557738900184631,0.2544109523296356,-0.5018582344055176,0.44704538583755493,0.013791851699352264,0.7764478921890259,0,door
-0.33837467432022095,0.38949546217918396,0.039025746285915375,0.013680506497621536,-0.011682065203785896,0.21046137809753418,-0.7777044773101807,0.6017733812332153,-0.3570510149002075,0.5854734778404236,0,when
-0.0036603203043341637,0.3453688621520996,0.0671415701508522,0.055846937000751495,0.3524280786514282,0.4097398817539215,-0.7247149348258972,0.23040346801280975,-0.06549367308616638,0.3405204713344574,0,dynamo
-0.38376903533935547,-0.019934693351387978,0.2261473685503006,-0.2658105194568634,-0.05823870375752449,-0.021447010338306427,-0.6402770280838013,-0.0130626754835248,-0.405818372964859,0.2266473025083542,0,hasn't
-0.534038245677948,0.08329841494560242,0.2906554043292999,-0.029272954910993576,-0.3917081952095032,0.4247351884841919,-0.9571151733398438,1.1544939279556274,-0.5663477778434753,0.7468700408935547,0,To
0.11315803229808807,0.6529769897460938,-0.3028656542301178,-0.17669573426246643,-0.16938601434230804,0.5138337016105652,-0.6057199239730835,0.14408929646015167,-0.06118494272232056,0.518256664276123,0,adventure
-0.30363184213638306,0.28476443886756897,-0.2971309721469879,-0.655766487121582,-0.1434057056903839,0.3704074025154114,-0.10145248472690582,0.2559893727302551,-0.1595812886953354,0.34290987253189087,0,fire
-0.020327221602201462,0.5701084136962891,-0.027665218338370323,0.05023311823606491,0.053016796708106995,0.4384244978427887,-0.5613862872123718,0.0714479312300682,-0.04067190736532211,0.22874769568443298,0,car
-0.5412800312042236,0.31590735912323,0.09215083718299866,0.3755786120891571,-0.15556195378303528,0.10293008387088776,-1.0443705320358276,0.6056647300720215,-0.2729581594467163,0.5929381847381592,0,none
-0.016265973448753357,0.24489492177963257,0.2255963683128357,0.3142760097980499,-0.5010761022567749,0.2846188247203827,-0.5395234227180481,0.489620566368103,-0.18483752012252808,0.22421129047870636,0,expected
-0.296088844537735,-0.09128692001104355,-0.08419647812843323,0.18489348888397217,-0.18169592320919037,0.046001091599464417,-0.723479151725769,0.2346348911523819,-0.0987902581691742,0.5096021890640259,0,something
-0.3604593575000763,0.5857369899749756,0.04487255588173866,0.07922443002462387,-0.14760708808898926,0.10065722465515137,-0.7532145380973816,0.5902204513549805,-0.14425118267536163,0.501834511756897,0,company
-0.254278302192688,0.8073980808258057,0.21021415293216705,0.12999886274337769,-0.3046935796737671,0.31883329153060913,-0.6286620497703552,0.15657900273799896,-0.1922980695962906,0.6518648266792297,0,combination
-0.18971681594848633,0.05087769031524658,0.19124571979045868,0.2879631817340851,-0.6406394243240356,0.1144590675830841,-0.6452361345291138,0.7704854011535645,0.01640421524643898,0.2634291648864746,0,then
-0.2279343605041504,0.6046090722084045,0.1407788246870041,0.4313361644744873,-0.24685153365135193,0.24464643001556396,-0.46427056193351746,0.16911059617996216,-0.1352841556072235,0.5304661393165588,0,signal
0.03218395635485649,0.2488253265619278,0.2697063386440277,-0.25705981254577637,-0.18801270425319672,-0.19543935358524323,-0.397714227437973,-0.20566850900650024,-0.09395977854728699,0.0281986054033041,0,there's
-0.4255073368549347,0.3662658631801605,0.2674683928489685,-0.05904644727706909,-0.1831270009279251,0.28305065631866455,-0.6642584204673767,0.31441178917884827,-0.16794608533382416,0.3546467423439026,0,microwave
-0.1387925148010254,0.6799946427345276,0.2692689597606659,0.45105671882629395,0.021993588656187057,0.17572444677352905,-0.8900448083877563,0.6890643835067749,0.06647805869579315,0.5726606249809265,0,order
-0.5315990447998047,0.30157285928726196,0.28614678978919983,0.03500012308359146,-0.41824719309806824,-0.08544063568115234,-1.0688247680664062,0.474444180727005,-0.284710168838501,0.5727236270904541,0,an
-0.26769334077835083,-0.0608370415866375,0.10508239269256592,-0.252512127161026,0.06224319711327553,0.08873438835144043,-0.4531477987766266,0.18177340924739838,-0.6368698477745056,0.03398893401026726,0,won't
-0.22449859976768494,0.35844630002975464,-0.11385088413953781,0.001283787190914154,-0.33186206221580505,0.7944431304931641,-0.7072365880012512,0.14461886882781982,-0.2381642609834671,0.6556258201599121,0,best
0.7145568132400513,0.29564353823661804,0.17510949075222015,-0.419494092464447,0.24518868327140808,0.3191618323326111,-0.05994878709316254,-0.06887079030275345,0.05085758864879608,0.42568227648735046,0,moo
-0.4193893074989319,0.5846412777900696,0.07579722255468369,0.29185277223587036,-0.06211373955011368,0.46033358573913574,-0.36101001501083374,0.23803266882896423,-0.18751807510852814,0.6134792566299438,0,friendship
-0.7471253871917725,-0.8473892211914062,0.4676343500614166,-1.0972169637680054,-0.3338281810283661,0.365205854177475,-0.37325969338417053,1.1266268491744995,-0.5059943795204163,0.6158917546272278,0,...
-0.45738422870635986,0.22286537289619446,0.054168593138456345,0.1761450469493866,0.1340990662574768,0.342210978269577,-1.103477954864502,0.7175441980361938,-0.24818477034568787,0.8256257772445679,0,yes
-0.26527756452560425,0.3290639817714691,0.22775232791900635,0.06689433008432388,-0.2858514189720154,0.23697975277900696,-0.5235942602157593,0.4101752042770386,-0.1550268530845642,0.8291634917259216,0,after
-0.36739709973335266,0.4335344135761261,0.14966125786304474,0.39003604650497437,-0.2910025715827942,0.17922841012477875,-0.5827305912971497,0.36826109886169434,-0.31188449263572693,0.6651957631111145,0,All
-0.2926628887653351,0.07812422513961792,0.16349981725215912,-0.12786003947257996,-0.3457683026790619,-0.008618876338005066,-0.7455627918243408,0.40617093443870544,-0.3613578677177429,0.8104625344276428,0,only
0.045395806431770325,0.429826557636261,-0.11318745464086533,-0.020428551360964775,-0.3970481753349304,0.46173685789108276,-0.6629465222358704,0.3380541205406189,-0.047223418951034546,0.6752254366874695,0,run
-0.42819395661354065,0.5798279643058777,0.0446549654006958,-0.04369369149208069,0.10623270273208618,0.26543158292770386,-0.5955588817596436,0.15442121028900146,-0.18720434606075287,0.14913757145404816,0,accessory
0.052890628576278687,0.14259259402751923,0.16856983304023743,-0.03132478892803192,0.10331089794635773,0.1252342313528061,-0.616904079914093,0.18032798171043396,-0.03494313359260559,0.12353099137544632,0,prong
-0.25833141803741455,0.5829591155052185,-0.001666402444243431,0.004541382193565369,0.03044261783361435,0.3929496109485626,-0.9485099911689758,0.129518061876297,-0.30203738808631897,0.49895453453063965,0,charge
-0.41934123635292053,0.410214900970459,-0.015774687752127647,0.3906559944152832,-0.18945422768592834,0.30304282903671265,-0.4880868196487427,0.09884926676750183,-0.2896352708339691,0.32738831639289856,0,pinnacle
-0.5053653717041016,0.24866262078285217,0.5354006886482239,0.047659099102020264,-0.32865652441978455,0.13443700969219208,-0.7188300490379333,0.9932419061660767,-0.5709723234176636,0.7231140732765198,0,of
-0.18866008520126343,0.11622369289398193,0.08241835981607437,-0.3090374171733856,-0.2027280479669571,0.049483999609947205,-0.9701418876647949,0.6267780065536499,-0.15499743819236755,0.4596897065639496,0,that
-0.1904405802488327,0.4496251046657562,0.0707668885588646,0.25871333479881287,-0.1436515748500824,0.0875980406999588,-0.5082553625106812,0.061914943158626556,-0.16138383746147156,0.470088928937912,0,container
-0.534038245677948,0.08329841494560242,0.2906554043292999,-0.029272954910993576,-0.3917081952095032,0.4247351884841919,-0.9571151733398438,1.1544939279556274,-0.5663477778434753,0.7468700408935547,0,to
-0.5408035516738892,0.2528040111064911,0.12746740877628326,-0.24917945265769958,-0.45653343200683594,0.6933345198631287,-0.21206532418727875,0.2656813859939575,-0.10643552243709564,0.667762279510498,0,silence
-0.268278568983078,0.17859533429145813,0.38858693838119507,0.057531170547008514,-0.304191917181015,0.20985126495361328,-1.0226448774337769,0.15288013219833374,-0.3192724883556366,0.7409243583679199,0,small
-0.35216110944747925,0.18734753131866455,0.18254725635051727,0.3538838326931,-0.051801592111587524,0.2159547209739685,-1.0358384847640991,-0.0010593831539154053,-0.3714173138141632,0.5942226648330688,0,quite
-0.1558721363544464,0.05126103013753891,0.008044939488172531,0.15493115782737732,-0.048417024314403534,0.14987024664878845,-0.7535603642463684,0.216866135597229,-0.29574054479599,0.4402005076408386,0,easily
0.04345957189798355,0.5887174010276794,0.2773248553276062,-0.014466773718595505,0.1697598397731781,0.26944607496261597,-0.07545608282089233,0.8559765815734863,-0.25719761848449707,0.080842025578022,0,who
0.03287186473608017,0.5922199487686157,-0.4225364625453949,-0.13230925798416138,-0.16764222085475922,0.10108976066112518,-0.6090060472488403,0.17118534445762634,-0.20606030523777008,0.2916398048400879,0,transit
0.5140971541404724,0.8323358297348022,-0.027862001210451126,-0.5036348700523376,-0.4650486707687378,0.4546932578086853,-0.2318238466978073,-0.004696635529398918,0.1698978692293167,0.3665311336517334,0,skateboard
-0.17639300227165222,0.463152140378952,-0.02135065384209156,-0.14922943711280823,0.04586063325405121,0.35052627325057983,-0.42679059505462646,0.03246293216943741,-0.18730255961418152,0.2532893717288971,0,umbrella
-0.3650001287460327,0.2946726381778717,0.2734513580799103,0.09232040494680405,-0.3049083650112152,-0.2870011329650879,-0.5263179540634155,0.6083817481994629,-0.2324519157409668,0.6258478164672852,0,since
-0.03535237908363342,0.20192617177963257,0.01845257170498371,0.33060356974601746,-0.19576606154441833,0.03550966829061508,-0.6655365228652954,0.49401289224624634,-0.2705957591533661,0.4723730981349945,0,these
-0.3151554763317108,0.6231027245521545,-0.0121548380702734,0.1937078833580017,-0.21488001942634583,0.4609057307243347,-0.6902965307235718,0.1491633951663971,-0.387725293636322,0.5721091628074646,0,eat
-0.05194564536213875,0.2967553436756134,0.24818962812423706,0.3230474591255188,-0.31839191913604736,0.31642386317253113,-0.5641358494758606,0.03719055652618408,-0.15744942426681519,0.4551997482776642,0,slice
-0.4047006666660309,0.16011640429496765,0.1869255155324936,0.3239589035511017,-0.19919708371162415,0.1429043412208557,-0.5886368155479431,0.7153044939041138,-0.04668516293168068,-0.047065239399671555,0,'
-0.5280435085296631,0.23770639300346375,0.03806617856025696,0.311086505651474,-0.24581292271614075,0.4669094681739807,-0.4290943443775177,0.0705658346414566,-0.21338723599910736,0.7375981211662292,0,better
-0.38128846883773804,0.5586881041526794,0.14677934348583221,0.7402702569961548,-0.17483504116535187,0.30960142612457275,-0.8020655512809753,0.007817104458808899,-0.32092466950416565,0.4595256745815277,0,according
-0.2843594551086426,0.6453813314437866,0.10752920806407928,0.6180527806282043,-0.07657833397388458,0.0010681413114070892,-0.8941891193389893,0.3694634735584259,-0.6410425305366516,0.2109886109828949,0,right
0.21120929718017578,0.4170495569705963,0.3698587119579315,-0.32040128111839294,-0.03246862441301346,-0.36294594407081604,-0.18041086196899414,0.20282487571239471,-0.3661991059780121,-0.40671205520629883,0,where's
0.26189833879470825,0.00946139171719551,-0.396264910697937,-0.9331863522529602,0.2519201636314392,0.2721378207206726,-0.2002459168434143,0.00902026891708374,0.1328119933605194,0.22163239121437073,0,fluke
-0.58440762758255,0.8532674908638,0.23811161518096924,0.061066776514053345,-0.04852214455604553,0.18523243069648743,-1.0109823942184448,0.6622653007507324,-0.6360602974891663,0.6652328372001648,0,did
-0.2970803380012512,0.3762738108634949,0.1930270940065384,0.05999942868947983,-0.3115389049053192,-0.07001638412475586,-0.7559843063354492,0.7051047086715698,-0.3579483926296234,0.6918097734451294,0,The
-0.2827024459838867,0.5320762395858765,-0.11834651976823807,-0.2974625527858734,-0.34253203868865967,0.47780078649520874,-0.6779917478561401,0.016057735309004784,-0.3384828269481659,0.3969931900501251,0,hot
-0.18131908774375916,0.7494004368782043,0.3435531556606293,0.5052247643470764,-0.327694296836853,0.4184318780899048,-0.6138224601745605,0.47696778178215027,-0.259860634803772,0.536053478717804,0,money
-0.4132632315158844,0.0612470805644989,0.2099059522151947,-0.18980881571769714,0.15826022624969482,-0.25419697165489197,-0.5738564729690552,0.23696790635585785,-0.6236035227775574,-0.11999700963497162,0,oughtn't
-0.0644642561674118,0.027328260242938995,-0.1724683940410614,-0.344550758600235,-0.37981438636779785,0.38245710730552673,-0.25222525000572205,0.6479352712631226,-0.25816065073013306,0.5455151200294495,0,tomorrow
-0.3221420347690582,0.5424986481666565,-0.29726454615592957,0.07750584185123444,-0.09665365517139435,0.21666580438613892,-0.38980403542518616,0.6955125331878662,-0.2244870513677597,0.4529038965702057,0,their
0.23225776851177216,0.386479914188385,0.08414195477962494,-0.10358934104442596,-0.11651153117418289,0.2734379172325134,-0.668289065361023,0.3574327230453491,-0.15503045916557312,0.39965203404426575,0,bright
-0.3706313371658325,0.6217753291130066,-0.3349195122718811,0.17123714089393616,-0.7100382447242737,0.2918497920036316,-0.6937520503997803,0.2520717680454254,-0.19352416694164276,0.29144906997680664,0,high
0.14316466450691223,0.6018373370170593,0.014854080975055695,0.1978747695684433,-0.09649960696697235,0.3535975217819214,-0.5547164082527161,0.21913351118564606,-0.3751387894153595,0.12352973222732544,0,US$
-0.2652508318424225,0.9491667747497559,0.110995814204216,-0.4018724262714386,-0.23485088348388672,0.672220766544342,0.0714360922574997,0.10157457739114761,-0.1308717578649521,0.8199666142463684,0,anger
-0.22664344310760498,0.13728255033493042,0.33952298760414124,0.09365136176347733,-0.28304293751716614,-0.06136975809931755,-0.7398185133934021,0.1862863451242447,-0.2823319435119629,0.8391820788383484,0,also
-0.5627613067626953,0.17935624718666077,-0.09772109240293503,0.3321986794471741,-0.14414486289024353,-0.13791577517986298,-0.7470355033874512,0.3447497487068176,-0.5558038353919983,0.7559958100318909,0,even
-0.28548508882522583,0.5750417709350586,0.06113482266664505,0.3251136541366577,-0.13355125486850739,0.4088377356529236,-0.4312744736671448,0.1288640946149826,-0.2841556966304779,0.5958569645881653,0,shares
-0.10499931871891022,0.8007640242576599,-0.046790070831775665,0.05062653869390488,-0.3096393644809723,0.5081285834312439,-0.755382239818573,0.3519802391529083,-0.4062971770763397,0.6052398681640625,0,billion
-0.061138201504945755,0.5380993485450745,-0.17537614703178406,0.04762154817581177,-0.1791514903306961,0.20631355047225952,-0.4402533769607544,0.16379082202911377,-0.155342236161232,0.2846935987472534,0,orange
